"","trial","rt_col","PartID","Subgroup","reindex"
"2",18,0.100463655216053,"ABCD_1702","TYP",1
"3",27,-0.284411192935585,"ABCD_1702","TYP",2
"4",42,-0.188192480897676,"ABCD_1702","TYP",3
"5",57,0.349500321667112,"ABCD_1702","TYP",4
"6",72,0.17970259454139,"ABCD_1702","TYP",5
"7",84,-0.148573011235007,"ABCD_1702","TYP",6
"8",99,0.270261382341775,"ABCD_1702","TYP",7
"9",111,0.938132442369617,"ABCD_1702","TYP",8
"10",126,-0.216492102085296,"ABCD_1702","TYP",9
"11",141,0.0891438067410043,"ABCD_1702","TYP",10
"12",150,0.575897291168076,"ABCD_1702","TYP",11
"13",162,0.85889350304428,"ABCD_1702","TYP",12
"14",171,0.287241155054347,"ABCD_1702","TYP",13
"15",186,0.292901079291871,"ABCD_1702","TYP",14
"16",198,-0.165552783947579,"ABCD_1702","TYP",15
"17",204,0.270261382341775,"ABCD_1702","TYP",16
"18",222,-0.0183947537719533,"ABCD_1702","TYP",17
"19",234,0.468358730655118,"ABCD_1702","TYP",18
"20",252,0.106123579453577,"ABCD_1702","TYP",19
"21",258,0.123103352166149,"ABCD_1702","TYP",20
"22",270,0.247621685391679,"ABCD_1702","TYP",21
"23",282,0.423079336754925,"ABCD_1702","TYP",22
"24",291,-0.103293617334815,"ABCD_1702","TYP",23
"25",300,-4.45577535599084,"ABCD_1702","TYP",24
"42",18,-1.4330844814644,"ABCD_1703","TYP",1
"43",27,-1.46491606642983,"ABCD_1703","TYP",2
"44",42,1.49542133535503,"ABCD_1703","TYP",3
"45",57,-0.987442291948399,"ABCD_1703","TYP",4
"46",72,-0.700958027259542,"ABCD_1703","TYP",5
"47",84,-0.382642177605256,"ABCD_1703","TYP",6
"48",99,-0.000663158020113397,"ABCD_1703","TYP",7
"49",111,0.349484276599601,"ABCD_1703","TYP",8
"50",126,0.0152526344626009,"ABCD_1703","TYP",9
"51",141,1.27260024059703,"ABCD_1703","TYP",10
"52",150,1.09752652328717,"ABCD_1703","TYP",11
"53",162,1.08161073080446,"ABCD_1703","TYP",12
"54",171,1.1293581082526,"ABCD_1703","TYP",13
"55",186,-1.13068442429283,"ABCD_1703","TYP",14
"56",198,-0.669126442294114,"ABCD_1703","TYP",15
"57",204,-0.0961579129163991,"ABCD_1703","TYP",16
"58",222,-0.318979007674399,"ABCD_1703","TYP",17
"59",234,-0.509968517466971,"ABCD_1703","TYP",18
"60",252,1.3521792030106,"ABCD_1703","TYP",19
"61",258,0.620052748805744,"ABCD_1703","TYP",20
"62",270,-0.923779122017542,"ABCD_1703","TYP",21
"63",282,-1.41716868898169,"ABCD_1703","TYP",22
"64",291,1.54316871280317,"ABCD_1703","TYP",23
"65",300,0.0789158043934581,"ABCD_1703","TYP",24
"82",27,0.78006706350334,"ABCD_1705","TYP",1
"83",39,-0.359296382730689,"ABCD_1705","TYP",2
"84",60,-0.894659929756317,"ABCD_1705","TYP",3
"85",69,2.16652137759535,"ABCD_1705","TYP",4
"86",75,-0.743659954954217,"ABCD_1705","TYP",5
"87",87,-0.194569137492034,"ABCD_1705","TYP",6
"88",102,1.56252147838695,"ABCD_1705","TYP",7
"90",126,0.14861262342183,"ABCD_1705","TYP",9
"91",141,-1.00447809324875,"ABCD_1705","TYP",10
"92",147,-0.675023602771444,"ABCD_1705","TYP",11
"93",162,-2.56938692301597,"ABCD_1705","TYP",12
"94",168,1.28797606965586,"ABCD_1705","TYP",13
"95",183,-0.0847509739995976,"ABCD_1705","TYP",14
"96",195,-0.853478118446653,"ABCD_1705","TYP",15
"97",201,0.491794384335694,"ABCD_1705","TYP",16
"98",210,0.052521730365948,"ABCD_1705","TYP",17
"99",228,0.862430686122667,"ABCD_1705","TYP",18
"100",237,0.189794434731494,"ABCD_1705","TYP",19
"101",249,0.217248975604603,"ABCD_1705","TYP",20
"102",270,0.340794409533594,"ABCD_1705","TYP",21
"103",279,0.052521730365948,"ABCD_1705","TYP",22
"104",285,0.230976246041157,"ABCD_1705","TYP",23
"105",300,-1.00447809324875,"ABCD_1705","TYP",24
"122",21,-1.82035551549161,"ABCD_1709","TYP",1
"123",33,1.75021922592801,"ABCD_1709","TYP",2
"124",45,0.0924523816974721,"ABCD_1709","TYP",3
"125",51,0.60253448761456,"ABCD_1709","TYP",4
"126",63,-1.18275288309525,"ABCD_1709","TYP",5
"127",78,-0.876703619544995,"ABCD_1709","TYP",6
"128",87,-0.137084565965217,"ABCD_1709","TYP",7
"129",96,1.4186658570819,"ABCD_1709","TYP",8
"130",105,0.551526277022851,"ABCD_1709","TYP",9
"131",117,-1.7693473048999,"ABCD_1709","TYP",10
"132",129,0.398501645247725,"ABCD_1709","TYP",11
"133",138,-0.647166671882305,"ABCD_1709","TYP",12
"134",156,0.37299753995187,"ABCD_1709","TYP",13
"135",174,-1.18275288309525,"ABCD_1709","TYP",14
"136",183,-0.0860763553735086,"ABCD_1709","TYP",15
"137",192,1.21463301471507,"ABCD_1709","TYP",16
"138",207,-0.239100987148635,"ABCD_1709","TYP",17
"139",216,-0.825695408953286,"ABCD_1709","TYP",18
"140",228,0.449509855839434,"ABCD_1709","TYP",19
"141",240,1.39316175178605,"ABCD_1709","TYP",20
"142",249,-1.00422414602427,"ABCD_1709","TYP",21
"143",261,0.19446880288089,"ABCD_1709","TYP",22
"144",276,0.347493434656016,"ABCD_1709","TYP",23
"145",294,0.985096067052376,"ABCD_1709","TYP",24
"163",21,0.943836349576573,"ABCD_1710","TYP",1
"164",33,0.753482800082138,"ABCD_1710","TYP",2
"165",45,0.647730828140786,"ABCD_1710","TYP",3
"166",51,0.267023729151916,"ABCD_1710","TYP",4
"167",63,0.806358786052815,"ABCD_1710","TYP",5
"168",78,-0.113683369836954,"ABCD_1710","TYP",6
"169",87,0.61600523655838,"ABCD_1710","TYP",7
"170",96,1.94848008301942,"ABCD_1710","TYP",8
"171",105,0.224722940375375,"ABCD_1710","TYP",9
"172",117,0.81693398324695,"ABCD_1710","TYP",10
"173",129,0.00264379929853382,"ABCD_1710","TYP",11
"174",138,0.425651687063945,"ABCD_1710","TYP",12
"175",156,-0.589567243573042,"ABCD_1710","TYP",13
"176",174,-0.230010538972442,"ABCD_1710","TYP",14
"177",183,-0.70589441270853,"ABCD_1710","TYP",15
"178",192,-0.187709750195901,"ABCD_1710","TYP",16
"179",207,-0.113683369836954,"ABCD_1710","TYP",17
"180",216,1.35626904014785,"ABCD_1710","TYP",18
"181",228,-0.896247962202965,"ABCD_1710","TYP",19
"182",240,-0.917398356591235,"ABCD_1710","TYP",20
"183",249,-0.864522370620559,"ABCD_1710","TYP",21
"184",261,-0.7270448070968,"ABCD_1710","TYP",22
"185",276,-3.07473858419483,"ABCD_1710","TYP",23
"186",294,-0.388638496884471,"ABCD_1710","TYP",24
"204",21,-1.51355877669533,"ABCD_1711","DD",1
"205",33,0.435445679511791,"ABCD_1711","DD",2
"206",45,1.4939567203829,"ABCD_1711","DD",3
"207",51,-0.0182019094329694,"ABCD_1711","DD",4
"208",63,0.0658069033345789,"ABCD_1711","DD",5
"209",78,-0.824686512001433,"ABCD_1711","DD",6
"210",87,-0.337435397949653,"ABCD_1711","DD",7
"211",96,-0.774281224340904,"ABCD_1711","DD",8
"212",105,-0.841488274554943,"ABCD_1711","DD",9
"213",117,-0.740677699233885,"ABCD_1711","DD",10
"214",129,1.661974345918,"ABCD_1711","DD",11
"215",138,-1.36234291371374,"ABCD_1711","DD",12
"216",156,-0.572660073698788,"ABCD_1711","DD",13
"217",174,-0.48865126093124,"ABCD_1711","DD",14
"218",183,-0.539056548591769,"ABCD_1711","DD",15
"219",192,0.233824528869675,"ABCD_1711","DD",16
"220",207,1.34274085740131,"ABCD_1711","DD",17
"221",216,2.51886423614699,"ABCD_1711","DD",18
"222",228,-0.824686512001433,"ABCD_1711","DD",19
"223",240,-0.152616009861047,"ABCD_1711","DD",20
"224",249,0.838687980796023,"ABCD_1711","DD",21
"225",261,0.603463305046888,"ABCD_1711","DD",22
"226",276,-0.387840685610182,"ABCD_1711","DD",23
"227",294,0.183419241209146,"ABCD_1711","DD",24
"245",18,0.180621623109297,"ABCD_1714","DD",1
"246",27,0.727610510114049,"ABCD_1714","DD",2
"247",42,-0.868520996227685,"ABCD_1714","DD",3
"248",57,-0.384301325764463,"ABCD_1714","DD",4
"250",84,-1.20030114080434,"ABCD_1714","DD",6
"251",99,1.29253345898781,"ABCD_1714","DD",7
"252",111,0.503434736751445,"ABCD_1714","DD",8
"253",126,-1.31687254295289,"ABCD_1714","DD",9
"254",141,-1.13753192426281,"ABCD_1714","DD",10
"255",150,0.261324901519834,"ABCD_1714","DD",11
"256",162,1.52567626328492,"ABCD_1714","DD",12
"257",171,1.2745993971188,"ABCD_1714","DD",13
"259",198,-0.249795861746901,"ABCD_1714","DD",15
"261",222,-0.348433202026446,"ABCD_1714","DD",17
"262",234,0.25235787058533,"ABCD_1714","DD",18
"263",252,0.66484129357252,"ABCD_1714","DD",19
"264",258,1.66914875823698,"ABCD_1714","DD",20
"265",270,-1.43344394510144,"ABCD_1714","DD",21
"266",282,-0.868520996227685,"ABCD_1714","DD",22
"267",291,0.646907231703511,"ABCD_1714","DD",23
"268",300,-1.19133410986983,"ABCD_1714","DD",24
"285",18,-0.265908476201905,"ABCD_1716","TYP",1
"286",27,0.471199518619183,"ABCD_1716","TYP",2
"287",42,-0.130125424524337,"ABCD_1716","TYP",3
"288",57,-0.110727845713255,"ABCD_1716","TYP",4
"289",72,0.956138988896215,"ABCD_1716","TYP",5
"290",84,0.820355937218646,"ABCD_1716","TYP",6
"291",99,-0.925426155778669,"ABCD_1716","TYP",7
"292",111,0.917343831274053,"ABCD_1716","TYP",8
"293",126,0.0250552059643137,"ABCD_1716","TYP",9
"294",141,-0.149523003335418,"ABCD_1716","TYP",10
"295",150,-0.382293949068393,"ABCD_1716","TYP",11
"296",162,-0.440486685501637,"ABCD_1716","TYP",12
"297",171,2.87649929119326,"ABCD_1716","TYP",13
"298",186,0.800958358407565,"ABCD_1716","TYP",14
"299",198,-0.207715739768662,"ABCD_1716","TYP",15
"300",204,0.587584991485671,"ABCD_1716","TYP",16
"301",222,0.102645521208639,"ABCD_1716","TYP",17
"302",234,-0.828438261723263,"ABCD_1716","TYP",18
"303",252,-0.4792818431238,"ABCD_1716","TYP",19
"304",258,-1.21638983794489,"ABCD_1716","TYP",20
"305",270,-0.94482373458975,"ABCD_1716","TYP",21
"306",282,-0.440486685501637,"ABCD_1716","TYP",22
"307",291,-2.20566635731003,"ABCD_1716","TYP",23
"308",300,1.16951235581811,"ABCD_1716","TYP",24
"325",15,-0.101366525346291,"ABCD_1720","TYP",1
"326",21,-1.59111276301988,"ABCD_1720","TYP",2
"327",33,-0.0330295419667686,"ABCD_1720","TYP",3
"328",48,1.12869917548511,"ABCD_1720","TYP",4
"329",57,-0.292710078808954,"ABCD_1720","TYP",5
"330",72,0.472664135041697,"ABCD_1720","TYP",6
"331",78,-0.730066772437897,"ABCD_1720","TYP",7
"332",90,0.746012068559787,"ABCD_1720","TYP",8
"333",105,0.869018638642927,"ABCD_1720","TYP",9
"334",114,0.117311821468181,"ABCD_1720","TYP",10
"335",132,0.650340291828455,"ABCD_1720","TYP",11
"336",144,1.48405148905863,"ABCD_1720","TYP",12
"337",156,-0.0330295419667686,"ABCD_1720","TYP",13
"338",171,-0.552390615651139,"ABCD_1720","TYP",14
"339",189,-1.87812809321387,"ABCD_1720","TYP",15
"340",204,1.36104491897549,"ABCD_1720","TYP",16
"341",213,-0.265375285457145,"ABCD_1720","TYP",17
"342",222,-0.771068962465611,"ABCD_1720","TYP",18
"343",234,-0.142368715374005,"ABCD_1720","TYP",19
"344",246,1.37471231565139,"ABCD_1720","TYP",20
"345",252,-1.44077139958493,"ABCD_1720","TYP",21
"346",264,0.951023018698354,"ABCD_1720","TYP",22
"347",273,-1.72778672977892,"ABCD_1720","TYP",23
"348",288,0.404327151662175,"ABCD_1720","TYP",24
"367",21,0.527389279438623,"ABCD_1721","TYP",1
"368",33,0.380210875874356,"ABCD_1721","TYP",2
"369",45,2.37763206710369,"ABCD_1721","TYP",3
"370",51,-0.166451765935777,"ABCD_1721","TYP",4
"371",63,0.10687955496929,"ABCD_1721","TYP",5
"372",78,0.67456768300289,"ABCD_1721","TYP",6
"373",87,-0.923369269980577,"ABCD_1721","TYP",7
"374",96,0.085854068745823,"ABCD_1721","TYP",8
"375",105,0.821746086567156,"ABCD_1721","TYP",9
"376",117,0.022777610075423,"ABCD_1721","TYP",10
"377",129,0.443287334544756,"ABCD_1721","TYP",11
"378",138,0.022777610075423,"ABCD_1721","TYP",12
"379",156,-1.61721031535498,"ABCD_1721","TYP",13
"380",174,1.28430678348342,"ABCD_1721","TYP",14
"381",183,-0.187477252159244,"ABCD_1721","TYP",15
"382",192,-0.355681141946977,"ABCD_1721","TYP",16
"383",207,-0.797216352639777,"ABCD_1721","TYP",17
"384",216,1.57866359061196,"ABCD_1721","TYP",18
"385",228,-1.42798093934378,"ABCD_1721","TYP",19
"386",240,-1.53310837046111,"ABCD_1721","TYP",20
"387",249,-0.607986976628577,"ABCD_1721","TYP",21
"388",261,-1.44900642556724,"ABCD_1721","TYP",22
"389",276,0.443287334544756,"ABCD_1721","TYP",23
"390",294,0.29610893098049,"ABCD_1721","TYP",24
"408",18,-0.805743510773691,"ABCD_1724","TYP",1
"409",27,0.418755588036506,"ABCD_1724","TYP",2
"410",42,-0.343668379147201,"ABCD_1724","TYP",3
"411",57,-0.805743510773691,"ABCD_1724","TYP",4
"412",72,-0.644017214704419,"ABCD_1724","TYP",5
"413",84,0.64979315384975,"ABCD_1724","TYP",6
"414",99,0.00288796957266556,"ABCD_1724","TYP",7
"415",111,-1.54506372137607,"ABCD_1724","TYP",8
"416",126,-0.135734569915281,"ABCD_1724","TYP",9
"417",141,-1.45264869505078,"ABCD_1724","TYP",10
"418",150,-0.0433195435899834,"ABCD_1724","TYP",11
"419",162,-0.620913458123095,"ABCD_1724","TYP",12
"420",171,-0.505394675216473,"ABCD_1724","TYP",13
"421",186,0.23392553538591,"ABCD_1724","TYP",14
"422",198,0.464963101199155,"ABCD_1724","TYP",15
"423",204,1.22738706838286,"ABCD_1724","TYP",16
"424",222,-1.17540361607488,"ABCD_1724","TYP",17
"425",234,-0.112630813333957,"ABCD_1724","TYP",18
"426",252,0.557378127524453,"ABCD_1724","TYP",19
"427",258,1.50463214735876,"ABCD_1724","TYP",20
"428",270,-0.0664233001713078,"ABCD_1724","TYP",21
"429",282,0.372548074873857,"ABCD_1724","TYP",22
"430",291,3.07568759488882,"ABCD_1724","TYP",23
"431",300,-0.251253352821903,"ABCD_1724","TYP",24
"448",18,-0.592474957917795,"ABCD_1725","TYP",1
"449",36,-1.22792737392289,"ABCD_1725","TYP",2
"450",45,-0.719565441118815,"ABCD_1725","TYP",3
"451",51,-1.21380620912278,"ABCD_1725","TYP",4
"452",63,-1.46798717552482,"ABCD_1725","TYP",5
"453",84,0.777278027693192,"ABCD_1725","TYP",6
"454",96,-0.535990298717342,"ABCD_1725","TYP",7
"455",108,-0.592474957917795,"ABCD_1725","TYP",8
"456",120,1.08794365329568,"ABCD_1725","TYP",9
"457",129,0.353643083689794,"ABCD_1725","TYP",10
"458",135,0.946732005294551,"ABCD_1725","TYP",11
"459",150,-0.281809332315303,"ABCD_1725","TYP",12
"460",159,0.537218226091267,"ABCD_1725","TYP",13
"461",177,-0.620717287518022,"ABCD_1725","TYP",14
"462",186,2.34472732050577,"ABCD_1725","TYP",15
"463",198,1.05970132369546,"ABCD_1725","TYP",16
"464",219,-1.58095649392572,"ABCD_1725","TYP",17
"465",225,1.07382248849557,"ABCD_1725","TYP",18
"466",240,0.410127742890247,"ABCD_1725","TYP",19
"467",258,0.0994621172877551,"ABCD_1725","TYP",20
"468",267,-0.818413594719608,"ABCD_1725","TYP",21
"469",276,0.805520357293419,"ABCD_1725","TYP",22
"470",291,0.155946776488208,"ABCD_1725","TYP",23
"489",18,-0.532768534580125,"ABCD_1727","DD",1
"490",27,-0.165869113348475,"ABCD_1727","DD",2
"491",42,-1.06477269536602,"ABCD_1727","DD",3
"492",57,1.1182788609623,"ABCD_1727","DD",4
"493",72,-0.477733621395377,"ABCD_1727","DD",5
"494",84,0.0909604815136794,"ABCD_1727","DD",6
"495",99,-0.807943100503862,"ABCD_1727","DD",7
"496",111,0.145995394698427,"ABCD_1727","DD",8
"497",126,-1.00973778218127,"ABCD_1727","DD",9
"498",141,2.82436116968947,"ABCD_1727","DD",10
"499",150,-0.0741442580405628,"ABCD_1727","DD",11
"500",162,-0.220904026533223,"ABCD_1727","DD",12
"501",171,-0.936357897934939,"ABCD_1727","DD",13
"502",186,0.0909604815136794,"ABCD_1727","DD",14
"503",198,0.219375278944757,"ABCD_1727","DD",15
"504",204,0.109305452575262,"ABCD_1727","DD",16
"505",222,-0.716218245195949,"ABCD_1727","DD",17
"506",234,-0.807943100503862,"ABCD_1727","DD",18
"507",252,-1.0831176664276,"ABCD_1727","DD",19
"508",258,2.21897712465725,"ABCD_1727","DD",20
"509",270,-0.404353737149047,"ABCD_1727","DD",21
"510",282,0.677999555484318,"ABCD_1727","DD",22
"511",291,-0.367663795025882,"ABCD_1727","DD",23
"512",300,1.17331377414705,"ABCD_1727","DD",24
"529",18,0.085240115877813,"ABCD_1728","TYP",1
"530",36,0.157274016619627,"ABCD_1728","TYP",2
"531",45,-0.188488706941078,"ABCD_1728","TYP",3
"532",51,0.258121477658166,"ABCD_1728","TYP",4
"533",63,0.964053704927938,"ABCD_1728","TYP",5
"534",84,0.214901137213077,"ABCD_1728","TYP",6
"535",96,-0.246115827534529,"ABCD_1728","TYP",7
"536",108,-0.390183629018156,"ABCD_1728","TYP",8
"537",120,1.92930797486824,"ABCD_1728","TYP",9
"538",129,0.344562158548342,"ABCD_1728","TYP",10
"539",135,-0.0732344657541768,"ABCD_1728","TYP",11
"540",150,0.54625708062542,"ABCD_1728","TYP",12
"541",159,-0.260522607682892,"ABCD_1728","TYP",13
"542",177,-1.22577687762319,"ABCD_1728","TYP",14
"543",186,0.906426584334487,"ABCD_1728","TYP",15
"544",198,1.88608763442315,"ABCD_1728","TYP",16
"545",219,-1.24018365777156,"ABCD_1728","TYP",17
"546",225,-0.937641274655939,"ABCD_1728","TYP",18
"547",240,-0.649505671688685,"ABCD_1728","TYP",19
"548",258,-1.32662433866173,"ABCD_1728","TYP",20
"549",267,0.171680796767989,"ABCD_1728","TYP",21
"550",276,-1.32662433866173,"ABCD_1728","TYP",22
"551",291,-1.39865823940355,"ABCD_1728","TYP",23
"552",297,1.79964695353298,"ABCD_1728","TYP",24
"570",15,-0.368674701084698,"ABCD_1729","TYP",1
"571",36,0.282674101596489,"ABCD_1729","TYP",2
"572",48,-0.191034118535283,"ABCD_1729","TYP",3
"573",60,-0.487101756117641,"ABCD_1729","TYP",4
"574",69,0.445511302266785,"ABCD_1729","TYP",5
"576",93,-0.487101756117641,"ABCD_1729","TYP",7
"577",108,0.711972176090907,"ABCD_1729","TYP",8
"578",123,-0.516708519875877,"ABCD_1729","TYP",9
"579",132,2.01466978145328,"ABCD_1729","TYP",10
"580",144,-0.383478082963816,"ABCD_1729","TYP",11
"581",153,-0.620332193029702,"ABCD_1729","TYP",12
"582",159,-0.309461173568226,"ABCD_1729","TYP",13
"583",168,-0.649938956787938,"ABCD_1729","TYP",14
"584",180,-0.709152484304409,"ABCD_1729","TYP",15
"585",201,-2.6039853648315,"ABCD_1729","TYP",16
"587",225,0.711972176090907,"ABCD_1729","TYP",18
"588",237,1.18568039622268,"ABCD_1729","TYP",19
"589",246,0.267870719717371,"ABCD_1729","TYP",20
"590",267,-0.0726070635023404,"ABCD_1729","TYP",21
"591",279,1.97025963581593,"ABCD_1729","TYP",22
"593",297,-0.191034118535283,"ABCD_1729","TYP",24
"612",27,0.105564589363391,"ABCD_1730","TYP",1
"613",39,1.62084577639771,"ABCD_1730","TYP",2
"614",60,1.02685555108026,"ABCD_1730","TYP",3
"615",69,0.760166062162216,"ABCD_1730","TYP",4
"616",75,0.0934423398671166,"ABCD_1730","TYP",5
"617",87,-0.0520246540881777,"ABCD_1730","TYP",6
"618",102,-1.03392686328641,"ABCD_1730","TYP",7
"619",111,0.614699068206922,"ABCD_1730","TYP",8
"620",126,-1.08241586127151,"ABCD_1730","TYP",9
"621",141,-1.34910535018955,"ABCD_1730","TYP",10
"622",147,0.735921563169667,"ABCD_1730","TYP",11
"623",162,-0.718748376383277,"ABCD_1730","TYP",12
"624",168,0.796532810651039,"ABCD_1730","TYP",13
"625",183,-1.45820559565602,"ABCD_1730","TYP",14
"626",195,0.190420335837313,"ABCD_1730","TYP",15
"627",201,0.348009579288882,"ABCD_1730","TYP",16
"628",210,-0.0399024045919032,"ABCD_1730","TYP",17
"629",228,-0.973315615805042,"ABCD_1730","TYP",18
"630",237,-0.77935962386465,"ABCD_1730","TYP",19
"631",249,-0.88845986933112,"ABCD_1730","TYP",20
"632",270,-0.355080891495041,"ABCD_1730","TYP",21
"633",279,2.65123698358104,"ABCD_1730","TYP",22
"634",285,0.517721072236725,"ABCD_1730","TYP",23
"635",300,-0.730870625879552,"ABCD_1730","TYP",24
"652",18,-0.542405454051716,"ABCD_1732","TYP",1
"653",36,-0.908910912055378,"ABCD_1732","TYP",2
"654",45,-0.243771377159843,"ABCD_1732","TYP",3
"655",51,0.163456909510892,"ABCD_1732","TYP",4
"656",63,-1.77766459028628,"ABCD_1732","TYP",5
"657",84,2.10457840930806,"ABCD_1732","TYP",6
"658",96,-0.365939863161064,"ABCD_1732","TYP",7
"659",108,-0.0130086813797601,"ABCD_1732","TYP",8
"660",120,0.394219605290975,"ABCD_1732","TYP",9
"661",129,-1.01750512183424,"ABCD_1732","TYP",10
"662",135,1.46658742685724,"ABCD_1732","TYP",11
"663",150,-0.569554006496432,"ABCD_1732","TYP",12
"664",159,1.68377584641497,"ABCD_1732","TYP",13
"665",177,-1.0310793980566,"ABCD_1732","TYP",14
"666",186,-0.474534072939927,"ABCD_1732","TYP",15
"667",198,0.67927940596049,"ABCD_1732","TYP",16
"668",219,0.8693192730735,"ABCD_1732","TYP",17
"669",225,-0.0673057862691915,"ABCD_1732","TYP",18
"670",240,-0.189474272270412,"ABCD_1732","TYP",19
"671",258,-1.8998330762875,"ABCD_1732","TYP",20
"672",267,0.462090986402764,"ABCD_1732","TYP",21
"673",276,1.08650769263123,"ABCD_1732","TYP",22
"674",291,0.068436975954387,"ABCD_1732","TYP",23
"675",297,0.122734080843818,"ABCD_1732","TYP",24
"693",27,0.454462387626591,"ABCD_1734","TYP",1
"694",39,-2.11712965943119,"ABCD_1734","TYP",2
"695",60,0.513579446179643,"ABCD_1734","TYP",3
"696",69,0.631813563285748,"ABCD_1734","TYP",4
"697",75,-1.06780187011451,"ABCD_1734","TYP",5
"698",87,0.0702015070317498,"ABCD_1734","TYP",6
"699",102,0.217994153414381,"ABCD_1734","TYP",7
"700",111,2.59745576017474,"ABCD_1734","TYP",8
"701",126,-0.299280108924828,"ABCD_1734","TYP",9
"702",141,-1.05302260547625,"ABCD_1734","TYP",10
"703",147,1.16386709026322,"ABCD_1734","TYP",11
"704",162,0.336228270520486,"ABCD_1734","TYP",12
"705",168,0.705709886477064,"ABCD_1734","TYP",13
"706",183,-0.964347017646668,"ABCD_1734","TYP",14
"707",195,-0.0628118747126182,"ABCD_1734","TYP",15
"708",201,0.750047680391853,"ABCD_1734","TYP",16
"709",210,-0.624423930966617,"ABCD_1734","TYP",17
"710",228,-0.181045991818723,"ABCD_1734","TYP",18
"711",237,-0.476631284583985,"ABCD_1734","TYP",19
"712",249,1.10475003171017,"ABCD_1734","TYP",20
"713",270,-1.57029686781546,"ABCD_1734","TYP",21
"714",279,-0.210604521095249,"ABCD_1734","TYP",22
"715",285,0.617034298647485,"ABCD_1734","TYP",23
"716",300,-0.535748343137038,"ABCD_1734","TYP",24
"733",27,1.64511244994798,"ABCD_1735","DD",1
"734",39,1.01448601080126,"ABCD_1735","DD",2
"735",60,0.431156554590533,"ABCD_1735","DD",3
"736",69,-0.546314426086893,"ABCD_1735","DD",4
"737",75,-0.719736696852243,"ABCD_1735","DD",5
"738",87,-0.735502357830911,"ABCD_1735","DD",6
"739",102,-0.956221611532265,"ABCD_1735","DD",7
"740",111,0.336562588718524,"ABCD_1735","DD",8
"741",126,-0.845861984681588,"ABCD_1735","DD",9
"742",141,-1.35036313599897,"ABCD_1735","DD",10
"743",147,-0.278298189449534,"ABCD_1735","DD",11
"744",162,-0.514783104129556,"ABCD_1735","DD",12
"745",168,0.0212493691451611,"ABCD_1735","DD",13
"746",183,-0.609377070001565,"ABCD_1735","DD",14
"747",195,-0.735502357830911,"ABCD_1735","DD",15
"748",201,2.54375512573207,"ABCD_1735","DD",16
"749",210,0.257734283825184,"ABCD_1735","DD",17
"750",228,1.12484563765193,"ABCD_1735","DD",18
"751",237,0.809532418078569,"ABCD_1735","DD",19
"752",249,-1.16117520425495,"ABCD_1735","DD",20
"753",270,1.0933143156946,"ABCD_1735","DD",21
"754",279,0.11584333501717,"ABCD_1735","DD",22
"756",300,-0.940455950553597,"ABCD_1735","DD",24
"773",18,-1.93518265509146,"ABCD_1736","TYP",1
"774",36,0.249627111721857,"ABCD_1736","TYP",2
"775",45,1.50005282731942,"ABCD_1736","TYP",3
"776",51,1.56875753696763,"ABCD_1736","TYP",4
"777",63,2.14587709801266,"ABCD_1736","TYP",5
"778",84,0.758041963118667,"ABCD_1736","TYP",6
"779",96,-1.01453954580535,"ABCD_1736","TYP",7
"780",108,-0.0251917268710136,"ABCD_1736","TYP",8
"781",120,-0.327492449323171,"ABCD_1736","TYP",9
"782",129,0.661855369611162,"ABCD_1736","TYP",10
"783",135,-0.51986563633818,"ABCD_1736","TYP",11
"784",150,-1.92144171316182,"ABCD_1736","TYP",12
"785",159,0.716819137329736,"ABCD_1736","TYP",13
"786",177,0.043512982777204,"ABCD_1736","TYP",14
"787",186,0.0022901569882734,"ABCD_1736","TYP",15
"788",198,0.469482182596153,"ABCD_1736","TYP",16
"789",219,-1.08324425545356,"ABCD_1736","TYP",17
"790",225,-0.203823971956379,"ABCD_1736","TYP",18
"791",240,-0.616052229845685,"ABCD_1736","TYP",19
"792",258,-0.822166358790338,"ABCD_1736","TYP",20
"793",267,-0.409938100901032,"ABCD_1736","TYP",21
"794",276,0.483223124525797,"ABCD_1736","TYP",22
"795",291,-0.258787739674953,"ABCD_1736","TYP",23
"796",297,0.538186892244371,"ABCD_1736","TYP",24
"814",18,-0.852109851074298,"ABCD_1739","TYP",1
"815",36,-0.213894603051214,"ABCD_1739","TYP",2
"816",45,1.31227229439529,"ABCD_1739","TYP",3
"817",51,0.0913387764380868,"ABCD_1739","TYP",4
"818",63,0.174584243571533,"ABCD_1739","TYP",5
"819",84,-0.130649135917768,"ABCD_1739","TYP",6
"820",96,1.86724207528493,"ABCD_1739","TYP",7
"821",108,-0.102900646873287,"ABCD_1739","TYP",8
"822",120,0.979290425861508,"ABCD_1739","TYP",9
"823",129,-2.04529487998702,"ABCD_1739","TYP",10
"824",135,0.479817623060834,"ABCD_1739","TYP",11
"825",150,-1.24058869769705,"ABCD_1739","TYP",12
"826",159,-0.990852296296708,"ABCD_1739","TYP",13
"827",177,0.230081221660496,"ABCD_1739","TYP",14
"828",186,-0.241643092095696,"ABCD_1739","TYP",15
"829",198,0.0913387764380868,"ABCD_1739","TYP",16
"830",219,-1.32383416483049,"ABCD_1739","TYP",17
"831",225,-0.269391581140178,"ABCD_1739","TYP",18
"832",240,-0.463631004451551,"ABCD_1739","TYP",19
"833",258,1.61750567388459,"ABCD_1739","TYP",20
"834",267,1.22902682726185,"ABCD_1739","TYP",21
"835",276,-0.630121938718443,"ABCD_1739","TYP",22
"836",291,-0.852109851074298,"ABCD_1739","TYP",23
"837",297,1.28452380535081,"ABCD_1739","TYP",24
"855",18,-1.68807865587857,"ABCD_1742","TYP",1
"856",36,-0.0348671158141162,"ABCD_1742","TYP",2
"857",45,0.454973340501277,"ABCD_1742","TYP",3
"858",51,1.12850396793494,"ABCD_1742","TYP",4
"859",63,-2.21873915022025,"ABCD_1742","TYP",5
"860",84,0.026362941225308,"ABCD_1742","TYP",6
"861",96,-0.463477515090085,"ABCD_1742","TYP",7
"862",108,0.597843473593267,"ABCD_1742","TYP",8
"863",120,-0.300197362984954,"ABCD_1742","TYP",9
"864",129,0.148823055304156,"ABCD_1742","TYP",10
"865",135,-0.320607381998096,"ABCD_1742","TYP",11
"866",150,-0.402247458050661,"ABCD_1742","TYP",12
"867",159,0.189643093330439,"ABCD_1742","TYP",13
"868",177,-0.606347648182075,"ABCD_1742","TYP",14
"869",186,-0.769627800287206,"ABCD_1742","TYP",15
"870",198,-0.52470757212951,"ABCD_1742","TYP",16
"871",219,-0.402247458050661,"ABCD_1742","TYP",17
"872",225,2.94499566010453,"ABCD_1742","TYP",18
"873",240,0.291693188396146,"ABCD_1742","TYP",19
"874",258,-0.585937629168934,"ABCD_1742","TYP",20
"875",267,0.863173720764105,"ABCD_1742","TYP",21
"876",276,0.026362941225308,"ABCD_1742","TYP",22
"877",291,0.536613416553843,"ABCD_1742","TYP",23
"878",297,1.1080939489218,"ABCD_1742","TYP",24
"896",18,-1.22873915327305,"ABCD_1747","TYP",1
"897",27,-0.356956058739356,"ABCD_1747","TYP",2
"898",42,0.280116202650649,"ABCD_1747","TYP",3
"899",57,-0.507841594331725,"ABCD_1747","TYP",4
"900",72,-0.491076534821462,"ABCD_1747","TYP",5
"901",84,0.397471619222491,"ABCD_1747","TYP",6
"902",99,-0.507841594331725,"ABCD_1747","TYP",7
"903",111,-0.0384199280443536,"ABCD_1747","TYP",8
"904",126,0.632182452366177,"ABCD_1747","TYP",9
"905",141,0.548357154814861,"ABCD_1747","TYP",10
"906",150,0.481296916773808,"ABCD_1747","TYP",11
"907",162,-0.273130761188039,"ABCD_1747","TYP",12
"908",171,-1.01079337963962,"ABCD_1747","TYP",13
"909",186,1.55426072543066,"ABCD_1747","TYP",14
"910",198,-0.910203022578044,"ABCD_1747","TYP",15
"911",204,-0.289895820698303,"ABCD_1747","TYP",16
"912",222,-1.06108855817041,"ABCD_1747","TYP",17
"913",234,-0.373721118249619,"ABCD_1747","TYP",18
"914",252,3.68342328323409,"ABCD_1747","TYP",19
"915",258,0.0957005480377525,"ABCD_1747","TYP",20
"916",270,-0.289895820698303,"ABCD_1747","TYP",21
"917",282,-0.0216548685340904,"ABCD_1747","TYP",22
"918",291,-0.289895820698303,"ABCD_1747","TYP",23
"919",300,-0.0216548685340904,"ABCD_1747","TYP",24
"936",15,1.3979436784124,"ABCD_1749","TYP",1
"937",21,-0.0615746718254966,"ABCD_1749","TYP",2
"938",33,0.558939117796603,"ABCD_1749","TYP",3
"939",48,-0.157710611062723,"ABCD_1749","TYP",4
"940",57,0.0869990524502174,"ABCD_1749","TYP",5
"941",72,-0.332503227857681,"ABCD_1749","TYP",6
"942",78,-1.41621745198642,"ABCD_1749","TYP",7
"943",90,-0.297544704498689,"ABCD_1749","TYP",8
"944",105,-0.271325811979446,"ABCD_1749","TYP",9
"945",114,-0.323763597017933,"ABCD_1749","TYP",10
"946",132,-0.594692153050117,"ABCD_1749","TYP",11
"947",144,0.759950627110804,"ABCD_1749","TYP",12
"948",156,0.357927608482402,"ABCD_1749","TYP",13
"949",171,3.01477538376576,"ABCD_1749","TYP",14
"950",189,-0.463597690453899,"ABCD_1749","TYP",15
"951",204,-0.559733629691126,"ABCD_1749","TYP",16
"954",234,-1.04041332587726,"ABCD_1749","TYP",19
"955",246,-0.140231349383228,"ABCD_1749","TYP",20
"956",252,-0.856881078242554,"ABCD_1749","TYP",21
"957",264,-0.883099970761798,"ABCD_1749","TYP",22
"958",273,-0.454858059614151,"ABCD_1749","TYP",23
"959",288,1.67761186528433,"ABCD_1749","TYP",24
"978",18,-0.779905772393171,"ABCD_1751","DD",1
"979",36,-0.374057148424479,"ABCD_1751","DD",2
"980",45,-0.325355313548236,"ABCD_1751","DD",3
"981",51,-0.276653478671992,"ABCD_1751","DD",4
"982",63,-0.29288742363074,"ABCD_1751","DD",5
"983",84,2.19090615505766,"ABCD_1751","DD",6
"984",96,1.81752542100646,"ABCD_1751","DD",7
"985",108,0.518809824306645,"ABCD_1751","DD",8
"986",120,-0.341589258506983,"ABCD_1751","DD",9
"987",129,-0.536396598011956,"ABCD_1751","DD",10
"988",135,-0.0980800841257677,"ABCD_1751","DD",11
"989",150,-0.50392870809446,"ABCD_1751","DD",12
"990",159,-0.455226873218217,"ABCD_1751","DD",13
"991",177,0.437640099512907,"ABCD_1751","DD",14
"992",186,-2.30589659851546,"ABCD_1751","DD",15
"993",198,0.0967272553792048,"ABCD_1751","DD",16
"994",219,-1.57536907537181,"ABCD_1751","DD",17
"995",225,-1.00718100181564,"ABCD_1751","DD",18
"996",240,-0.227951643795749,"ABCD_1751","DD",19
"997",258,0.746085053729113,"ABCD_1751","DD",20
"998",267,1.00582817306908,"ABCD_1751","DD",21
"999",276,0.729851108770365,"ABCD_1751","DD",22
"1000",291,0.356470374719168,"ABCD_1751","DD",23
"1001",297,1.20063551257405,"ABCD_1751","DD",24
"1019",18,1.22762760614124,"ABCD_1754","TYP",1
"1020",27,0.864612849480094,"ABCD_1754","TYP",2
"1021",42,-0.499145290409075,"ABCD_1754","TYP",3
"1022",57,-0.538390128967037,"ABCD_1754","TYP",4
"1023",72,-0.989705772383597,"ABCD_1754","TYP",5
"1024",84,-0.175375372305891,"ABCD_1754","TYP",6
"1025",99,2.43440639179856,"ABCD_1754","TYP",7
"1026",111,0.54084293137691,"ABCD_1754","TYP",8
"1027",126,-0.0870744855504775,"ABCD_1754","TYP",9
"1028",141,-0.469711661490604,"ABCD_1754","TYP",10
"1029",150,0.531031721737419,"ABCD_1754","TYP",11
"1030",162,0.894046478398565,"ABCD_1754","TYP",12
"1031",171,-0.940649724186145,"ABCD_1754","TYP",13
"1032",186,-1.23498601337086,"ABCD_1754","TYP",14
"1033",198,-1.74516891462436,"ABCD_1754","TYP",15
"1034",204,-1.1957411748129,"ABCD_1754","TYP",16
"1035",222,-0.391221984374681,"ABCD_1754","TYP",17
"1036",234,0.275940271110668,"ABCD_1754","TYP",18
"1037",252,1.11970430010684,"ABCD_1754","TYP",19
"1038",258,0.334807528947611,"ABCD_1754","TYP",20
"1039",270,-0.420655613293152,"ABCD_1754","TYP",21
"1040",282,0.992158574793469,"ABCD_1754","TYP",22
"1041",291,-1.23498601337086,"ABCD_1754","TYP",23
"1042",300,0.707633495248247,"ABCD_1754","TYP",24
"1059",24,-0.22253147707118,"ABCD_1756","DD",1
"1061",39,-0.283221879908775,"ABCD_1756","DD",3
"1062",54,0.708054699771937,"ABCD_1756","DD",4
"1063",66,2.12416409931581,"ABCD_1756","DD",5
"1064",81,1.1531176539143,"ABCD_1756","DD",6
"1065",90,0.303452014187973,"ABCD_1756","DD",7
"1066",102,-1.25426832531029,"ABCD_1756","DD",8
"1067",114,0,"ABCD_1756","DD",9
"1069",135,-0.78897523688873,"ABCD_1756","DD",11
"1070",147,-1.51726007093987,"ABCD_1756","DD",12
"1071",165,-0.465293088421559,"ABCD_1756","DD",13
"1072",177,-0.485523222700757,"ABCD_1756","DD",14
"1073",189,0.647364296934343,"ABCD_1756","DD",15
"1074",195,0.930586176843118,"ABCD_1756","DD",16
"1075",210,0.0404602685583964,"ABCD_1756","DD",17
"1076",219,-0.890125908284721,"ABCD_1756","DD",18
"1077",231,-0.262991745629577,"ABCD_1756","DD",19
"1078",243,-1.33518886242708,"ABCD_1756","DD",20
"1081",273,1.59818060805666,"ABCD_1756","DD",23
"1100",18,0.617766121200094,"ABCD_1764","DD",1
"1101",36,1.11404685454912,"ABCD_1764","DD",2
"1102",45,-0.111146205906293,"ABCD_1764","DD",3
"1103",51,0.974467898294709,"ABCD_1764","DD",4
"1104",63,-0.560900620503852,"ABCD_1764","DD",5
"1105",84,-0.62293571217248,"ABCD_1764","DD",6
"1106",96,0.261064344105479,"ABCD_1764","DD",7
"1107",108,1.84295918165551,"ABCD_1764","DD",8
"1108",120,2.19966095875013,"ABCD_1764","DD",9
"1109",129,-1.02616380801857,"ABCD_1764","DD",10
"1110",135,-0.62293571217248,"ABCD_1764","DD",11
"1111",150,-1.46040944969897,"ABCD_1764","DD",12
"1112",159,-0.483356755918066,"ABCD_1764","DD",13
"1113",177,0.757345077454509,"ABCD_1764","DD",14
"1114",186,-0.0956374329891363,"ABCD_1764","DD",15
"1115",198,-0.51437430175238,"ABCD_1764","DD",16
"1116",219,-0.684970803841109,"ABCD_1764","DD",17
"1117",225,1.00548544412902,"ABCD_1764","DD",18
"1118",240,-0.715988349675424,"ABCD_1764","DD",19
"1119",258,-0.343777799663651,"ABCD_1764","DD",20
"1120",267,0.493695937862837,"ABCD_1764","DD",21
"1121",276,-0.00258479548619316,"ABCD_1764","DD",22
"1122",291,0.0749590690995928,"ABCD_1764","DD",23
"1123",297,-2.09626913930241,"ABCD_1764","DD",24
"1141",15,1.51632671311578,"ABCD_1767","DD",1
"1142",21,1.1600203025572,"ABCD_1767","DD",2
"1143",33,0.609364940784846,"ABCD_1767","DD",3
"1144",48,0.253058530226265,"ABCD_1767","DD",4
"1145",57,-0.410967053087455,"ABCD_1767","DD",5
"1146",72,0.868496875736542,"ABCD_1767","DD",6
"1147",78,-0.378575561218493,"ABCD_1767","DD",7
"1148",90,-0.289498958578847,"ABCD_1767","DD",8
"1149",105,-0.257107466709885,"ABCD_1767","DD",9
"1150",114,0.0830031979142149,"ABCD_1767","DD",10
"1151",132,2.00219909115021,"ABCD_1767","DD",11
"1152",144,-0.346184069349531,"ABCD_1767","DD",12
"1153",156,-0.224715974840923,"ABCD_1767","DD",13
"1154",171,0.0182202141762911,"ABCD_1767","DD",14
"1155",189,-1.10738412827014,"ABCD_1767","DD",15
"1156",204,-0.184226610004721,"ABCD_1767","DD",16
"1157",213,-2.09532463027347,"ABCD_1767","DD",17
"1158",222,-0.702490479908112,"ABCD_1767","DD",18
"1159",234,-0.67819686100639,"ABCD_1767","DD",19
"1160",246,-1.89287780609246,"ABCD_1767","DD",20
"1161",252,1.68638204542783,"ABCD_1767","DD",21
"1162",264,0.0263180871435316,"ABCD_1767","DD",22
"1163",273,-0.289498958578847,"ABCD_1767","DD",23
"1164",288,0.633658559686568,"ABCD_1767","DD",24
"1183",27,0.500340794003198,"ABCD_1768","DD",1
"1184",39,-0.556150532374502,"ABCD_1768","DD",2
"1185",60,0.314740966396305,"ABCD_1768","DD",3
"1186",69,0.400402425291794,"ABCD_1768","DD",4
"1187",75,-1.54125730967263,"ABCD_1768","DD",5
"1188",87,-1.08439619556335,"ABCD_1768","DD",6
"1189",102,-0.813134909060969,"ABCD_1768","DD",7
"1190",111,-0.242058516424375,"ABCD_1768","DD",8
"1191",126,-0.156397057528885,"ABCD_1768","DD",9
"1192",141,0.728771351057836,"ABCD_1768","DD",10
"1193",147,-0.827411818876884,"ABCD_1768","DD",11
"1194",162,-0.284889245872119,"ABCD_1768","DD",12
"1195",168,0.171971868237157,"ABCD_1768","DD",13
"1196",183,-1.01301164648378,"ABCD_1768","DD",14
"1197",195,-0.313443065503949,"ABCD_1768","DD",15
"1198",201,-0.613258171638161,"ABCD_1768","DD",16
"1199",210,-0.456212163663098,"ABCD_1768","DD",17
"1200",228,0.528894613635028,"ABCD_1768","DD",18
"1201",237,0.114864228973497,"ABCD_1768","DD",19
"1203",270,3.24150747865885,"ABCD_1768","DD",21
"1204",279,0.600279162714602,"ABCD_1768","DD",22
"1206",300,1.29984774369443,"ABCD_1768","DD",24
"1223",15,0.741328049033448,"ABCD_1776","DD",1
"1224",36,0.301582352612806,"ABCD_1776","DD",2
"1225",48,-0.518483946117582,"ABCD_1776","DD",3
"1226",60,0.230272239679728,"ABCD_1776","DD",4
"1227",69,1.75155464891871,"ABCD_1776","DD",5
"1228",75,1.33557899014242,"ABCD_1776","DD",6
"1229",93,-0.910689567249507,"ABCD_1776","DD",7
"1230",108,-0.399633757895787,"ABCD_1776","DD",8
"1231",123,-0.161933381452196,"ABCD_1776","DD",9
"1232",132,-0.0193131555860417,"ABCD_1776","DD",10
"1233",144,1.12164865134319,"ABCD_1776","DD",11
"1234",153,-1.32666522602579,"ABCD_1776","DD",12
"1235",159,0.69378797374473,"ABCD_1776","DD",13
"1236",168,-1.45740043306977,"ABCD_1776","DD",14
"1237",180,-1.32666522602579,"ABCD_1776","DD",15
"1238",201,0.788868124322166,"ABCD_1776","DD",16
"1239",213,-0.387748739073607,"ABCD_1776","DD",17
"1240",225,-1.18404500015964,"ABCD_1776","DD",18
"1241",237,-0.82749443549425,"ABCD_1776","DD",19
"1242",246,-1.32666522602579,"ABCD_1776","DD",20
"1243",267,1.66835951716345,"ABCD_1776","DD",21
"1244",279,-0.31643862614053,"ABCD_1776","DD",22
"1245",285,0.527397710234217,"ABCD_1776","DD",23
"1246",297,1.0027984631214,"ABCD_1776","DD",24
"1265",24,0.675584322898469,"ABCD_1777","DD",1
"1266",30,-0.898457501586624,"ABCD_1777","DD",2
"1267",42,0.41788721004029,"ABCD_1777","DD",3
"1268",54,-0.132330949846092,"ABCD_1777","DD",4
"1269",66,-0.814880059578566,"ABCD_1777","DD",5
"1270",81,0.598971667724416,"ABCD_1777","DD",6
"1271",93,0.731302617570508,"ABCD_1777","DD",7
"1273",117,0.543253373052377,"ABCD_1777","DD",9
"1274",123,-0.592006880890411,"ABCD_1777","DD",10
"1275",138,0.362168915368251,"ABCD_1777","DD",11
"1276",153,1.0098940909307,"ABCD_1777","DD",12
"1277",165,0.696478683400483,"ABCD_1777","DD",13
"1279",180,0.459675931044319,"ABCD_1777","DD",15
"1280",192,0.564147733554392,"ABCD_1777","DD",16
"1281",207,0.257697112858179,"ABCD_1777","DD",17
"1282",216,2.03371775552941,"ABCD_1777","DD",18
"1283",231,-1.34420385896293,"ABCD_1777","DD",19
"1284",243,-1.45564044830701,"ABCD_1777","DD",20
"1285",255,0.334309768032232,"ABCD_1777","DD",21
"1286",261,-0.0348239341700242,"ABCD_1777","DD",22
"1287",282,-2.4516049655697,"ABCD_1777","DD",23
"1288",294,-0.961140583092667,"ABCD_1777","DD",24
"1306",18,1.39990919802388,"ABCD_1778","DD",1
"1307",27,0.088282562037542,"ABCD_1778","DD",2
"1308",42,-0.587709627278494,"ABCD_1778","DD",3
"1309",57,1.75303944617405,"ABCD_1778","DD",4
"1310",72,0.431323374526277,"ABCD_1778","DD",5
"1311",84,0.370786760557676,"ABCD_1778","DD",6
"1312",99,0.844990236645045,"ABCD_1778","DD",7
"1313",111,1.24856766310238,"ABCD_1778","DD",8
"1314",126,1.01651064288941,"ABCD_1778","DD",9
"1315",141,1.06695782119658,"ABCD_1778","DD",10
"1316",150,0.0479248193918085,"ABCD_1778","DD",11
"1317",162,-1.20316520262593,"ABCD_1778","DD",12
"1318",171,-0.45654696367986,"ABCD_1778","DD",13
"1319",186,0.734006444369278,"ABCD_1778","DD",14
"1320",198,-0.355652607065526,"ABCD_1778","DD",15
"1321",204,1.14767330648805,"ABCD_1778","DD",16
"1322",222,-0.688603983892828,"ABCD_1778","DD",17
"1323",234,-1.14262858865733,"ABCD_1778","DD",18
"1324",252,-0.567530755955627,"ABCD_1778","DD",19
"1325",258,-1.23343350961023,"ABCD_1778","DD",20
"1326",270,-1.56638488643753,"ABCD_1778","DD",21
"1327",282,-1.68745811437473,"ABCD_1778","DD",22
"1328",291,-0.506994141987027,"ABCD_1778","DD",23
"1329",300,-0.153863893836859,"ABCD_1778","DD",24
"1346",15,1.15931173236831,"ABCD_1781","DD",1
"1347",21,-0.0268981840456687,"ABCD_1781","DD",2
"1348",33,0.199046561937946,"ABCD_1781","DD",3
"1349",48,0.679179147153126,"ABCD_1781","DD",4
"1350",57,0.0295880024502349,"ABCD_1781","DD",5
"1351",72,0.255532748433849,"ABCD_1781","DD",6
"1353",90,-0.196356743533379,"ABCD_1781","DD",8
"1354",105,-1.12837882071579,"ABCD_1781","DD",9
"1356",132,-2.34283183037772,"ABCD_1781","DD",11
"1357",144,-0.930677167980126,"ABCD_1781","DD",12
"1358",156,0.199046561937946,"ABCD_1781","DD",13
"1359",171,-0.958920261228078,"ABCD_1781","DD",14
"1360",189,1.97836143655891,"ABCD_1781","DD",15
"1361",204,1.18755482561626,"ABCD_1781","DD",16
"1362",213,0.00134490920228311,"ABCD_1781","DD",17
"1363",222,-0.309329116525187,"ABCD_1781","DD",18
"1364",234,0.792151520144933,"ABCD_1781","DD",19
"1365",246,-0.196356743533379,"ABCD_1781","DD",20
"1366",252,1.35701338510397,"ABCD_1781","DD",21
"1367",264,-0.930677167980126,"ABCD_1781","DD",22
"1369",288,-0.817704794988319,"ABCD_1781","DD",24
"1388",15,-1.09947407855511,"ABCD_1783","TYP",1
"1389",21,-1.9912940070849,"ABCD_1783","TYP",2
"1390",33,-0.260114145821189,"ABCD_1783","TYP",3
"1391",48,0.928979092218532,"ABCD_1783","TYP",4
"1392",57,0.754112439565632,"ABCD_1783","TYP",5
"1393",72,-0.207654150025319,"ABCD_1783","TYP",6
"1394",78,-0.0852474931682888,"ABCD_1783","TYP",7
"1395",90,0.142079155280481,"ABCD_1783","TYP",8
"1396",105,-0.295087476351769,"ABCD_1783","TYP",9
"1397",114,-0.0852474931682888,"ABCD_1783","TYP",10
"1398",132,-1.27434073120801,"ABCD_1783","TYP",11
"1399",144,1.83828568601361,"ABCD_1783","TYP",12
"1400",156,-0.0677608279029988,"ABCD_1783","TYP",13
"1401",171,-0.277600811086479,"ABCD_1783","TYP",14
"1402",189,-1.18690740488156,"ABCD_1783","TYP",15
"1403",204,0.107105824749901,"ABCD_1783","TYP",16
"1404",213,1.05138574907556,"ABCD_1783","TYP",17
"1405",222,0.596732452178022,"ABCD_1783","TYP",18
"1406",234,1.34865905858549,"ABCD_1783","TYP",19
"1407",246,-1.01204075222866,"ABCD_1783","TYP",20
"1408",252,-0.400007467943509,"ABCD_1783","TYP",21
"1409",264,0.859032431157372,"ABCD_1783","TYP",22
"1410",273,1.76833902495245,"ABCD_1783","TYP",23
"1411",288,-1.15193407435098,"ABCD_1783","TYP",24
"1430",15,0.473642638310022,"ABCD_1784","DD",1
"1431",36,1.72589439999578,"ABCD_1784","DD",2
"1432",48,0.365689900233664,"ABCD_1784","DD",3
"1433",60,0.689548114462739,"ABCD_1784","DD",4
"1434",69,0.279327709772577,"ABCD_1784","DD",5
"1435",75,1.0997685191529,"ABCD_1784","DD",6
"1436",93,0.754319757308554,"ABCD_1784","DD",7
"1437",108,0.560004828771109,"ABCD_1784","DD",8
"1438",123,-0.130892694917585,"ABCD_1784","DD",9
"1439",132,0.0742175074274964,"ABCD_1784","DD",10
"1440",144,0.031036412196953,"ABCD_1784","DD",11
"1441",153,-0.184869063955764,"ABCD_1784","DD",12
"1442",159,0.365689900233664,"ABCD_1784","DD",13
"1443",168,-0.562703647223018,"ABCD_1784","DD",14
"1444",180,0.128193876465676,"ABCD_1784","DD",15
"1445",201,0.560004828771109,"ABCD_1784","DD",16
"1446",213,0.538414281155837,"ABCD_1784","DD",17
"1447",225,0.883863043000184,"ABCD_1784","DD",18
"1448",237,-0.476341456761931,"ABCD_1784","DD",19
"1449",246,-0.886561861452093,"ABCD_1784","DD",20
"1450",267,-1.04849096856663,"ABCD_1784","DD",21
"1451",279,-3.30470319436252,"ABCD_1784","DD",22
"1452",285,-0.649065837684105,"ABCD_1784","DD",23
"1453",297,-1.28598699233462,"ABCD_1784","DD",24
"1472",15,0.330373692769216,"ABCD_1787","DD",1
"1473",36,-0.15941935577673,"ABCD_1787","DD",2
"1474",48,-0.365274405165606,"ABCD_1787","DD",3
"1475",60,-0.109730205924243,"ABCD_1787","DD",4
"1476",69,0.0819279435067798,"ABCD_1787","DD",5
"1477",75,1.08280939053545,"ABCD_1787","DD",6
"1478",93,0.664000841778774,"ABCD_1787","DD",7
"1479",108,1.60099623899711,"ABCD_1787","DD",8
"1480",123,1.82814663832276,"ABCD_1787","DD",9
"1481",132,0.259389192979949,"ABCD_1787","DD",10
"1482",144,-0.37947130512346,"ABCD_1787","DD",11
"1483",153,0.834363641273016,"ABCD_1787","DD",12
"1484",159,0.316176792811363,"ABCD_1787","DD",13
"1485",168,-0.0813364060085357,"ABCD_1787","DD",14
"1486",180,-0.329782155270972,"ABCD_1787","DD",15
"1487",201,-0.549834104617702,"ABCD_1787","DD",16
"1488",213,2.14047843739554,"ABCD_1787","DD",17
"1489",225,-2.11149309998159,"ABCD_1787","DD",18
"1490",237,-0.819575203816919,"ABCD_1787","DD",19
"1491",246,-1.25967910251038,"ABCD_1787","DD",20
"1492",267,-1.18159615274218,"ABCD_1787","DD",21
"1493",279,-0.549834104617702,"ABCD_1787","DD",22
"1494",285,-0.592424804491262,"ABCD_1787","DD",23
"1495",297,-0.649212404322676,"ABCD_1787","DD",24
"1514",15,0.106672897161421,"ABCD_1788","TYP",1
"1515",21,-0.458941534299138,"ABCD_1788","TYP",2
"1516",33,0.582979786812418,"ABCD_1788","TYP",3
"1517",48,0.186057378769921,"ABCD_1788","TYP",4
"1518",57,-0.200941969071514,"ABCD_1788","TYP",5
"1519",72,0.0372114757539841,"ABCD_1788","TYP",6
"1520",78,-1.07417126676501,"ABCD_1788","TYP",7
"1521",90,0.622672027616668,"ABCD_1788","TYP",8
"1522",105,-1.57032427681813,"ABCD_1788","TYP",9
"1523",114,-0.260480330277889,"ABCD_1788","TYP",10
"1524",132,0.255518800177358,"ABCD_1788","TYP",11
"1525",144,-1.60009345742132,"ABCD_1788","TYP",12
"1526",156,-0.568095196510824,"ABCD_1788","TYP",13
"1527",171,1.5653627467176,"ABCD_1788","TYP",14
"1528",189,1.99205433536328,"ABCD_1788","TYP",15
"1529",204,-0.240634209875764,"ABCD_1788","TYP",16
"1530",213,0.057057596156109,"ABCD_1788","TYP",17
"1531",222,0.553210606209231,"ABCD_1788","TYP",18
"1532",234,-1.04440208616182,"ABCD_1788","TYP",19
"1533",246,0.0272884155529217,"ABCD_1788","TYP",20
"1534",252,1.14859421827298,"ABCD_1788","TYP",21
"1535",264,-0.00248076505026561,"ABCD_1788","TYP",22
"1536",273,-1.80847772164363,"ABCD_1788","TYP",23
"1537",288,1.69436252933141,"ABCD_1788","TYP",24
"1556",15,0.991866732898115,"ABCD_1792","DD",1
"1557",21,0.99657962174974,"ABCD_1792","DD",2
"1558",33,0.808064067684764,"ABCD_1792","DD",3
"1559",48,1.14739206500172,"ABCD_1792","DD",4
"1560",57,0.280220516302833,"ABCD_1792","DD",5
"1561",72,0.595984069361667,"ABCD_1792","DD",6
"1562",78,-0.125087924936864,"ABCD_1792","DD",7
"1563",90,0.284933405154458,"ABCD_1792","DD",8
"1564",105,-0.0826719252722445,"ABCD_1792","DD",9
"1565",114,-1.23261680506859,"ABCD_1792","DD",10
"1566",132,-0.351306589814835,"ABCD_1792","DD",11
"1567",144,-0.247623035079098,"ABCD_1792","DD",12
"1568",156,-3.900111895088,"ABCD_1792","DD",13
"1569",171,0.058714740276487,"ABCD_1792","DD",14
"1570",189,0.237804516638214,"ABCD_1792","DD",15
"1571",204,0.435745848406438,"ABCD_1792","DD",16
"1572",213,-0.15336525804661,"ABCD_1792","DD",17
"1573",222,-0.228771479672601,"ABCD_1792","DD",18
"1574",234,0.275507627451209,"ABCD_1792","DD",19
"1575",246,0.317923627115828,"ABCD_1792","DD",20
"1576",252,0.0445760737216139,"ABCD_1792","DD",21
"1577",264,0.0681405179797358,"ABCD_1792","DD",22
"1578",273,0.619548513619789,"ABCD_1792","DD",23
"1579",288,-0.841447030383771,"ABCD_1792","DD",24
"1598",27,0.807755631566731,"ABCD_1794","DD",1
"1599",39,1.43922583214007,"ABCD_1794","DD",2
"1600",60,-0.413086756208393,"ABCD_1794","DD",3
"1601",69,1.20768675859651,"ABCD_1794","DD",4
"1602",75,1.56551987225474,"ABCD_1794","DD",5
"1603",87,-1.19190000358218,"ABCD_1794","DD",6
"1604",102,-0.223645696036391,"ABCD_1794","DD",7
"1605",111,-1.82337020415552,"ABCD_1794","DD",8
"1606",126,-0.328890729465281,"ABCD_1794","DD",9
"1607",141,0.00789337750716675,"ABCD_1794","DD",10
"1608",147,0.302579471108059,"ABCD_1794","DD",11
"1609",162,1.69181391236941,"ABCD_1794","DD",12
"1610",168,0.0710403975645008,"ABCD_1794","DD",13
"1611",183,0.681461591452063,"ABCD_1794","DD",14
"1612",195,-0.897213909981288,"ABCD_1794","DD",15
"1613",201,-0.0763026492359453,"ABCD_1794","DD",16
"1614",210,1.37607881208274,"ABCD_1794","DD",17
"1615",228,-1.31819404369685,"ABCD_1794","DD",18
"1616",237,0.239432451050725,"ABCD_1794","DD",19
"1617",249,-0.728821856495063,"ABCD_1794","DD",20
"1618",270,-1.29714503701107,"ABCD_1794","DD",21
"1619",279,-1.04455695678173,"ABCD_1794","DD",22
"1620",285,0.155236424307613,"ABCD_1794","DD",23
"1621",300,-0.202596689350613,"ABCD_1794","DD",24
